seed,bs,epochs,emb_dim,num_feature_maps,ks,upsample,lr,dropout,max_vocab,additional_data,embs,activation,micro_p,micro_r,micro_f,macro_p,macro_r,macro_f,1_p,1_r,1_f,2_p,2_r,2_f,3_p,3_r,3_f,pred_file,1_auc,2_auc,3_auc,macro_auc,cm_11,cm_12,cm_13,cm_21,cm_22,cm_23,cm_31,cm_32,cm_33
0,256,3,300,10,2,False,0.1,0.2,-1,,True,relu,0.8202516476932294,0.8202516476932294,0.8202516476932294,0.27341721589774315,0.3333333333333333,0.3004169409699363,0,0,0,0,0,0,0.8202516476932294,1.0,0.901250822909809,/home/lwp876/ira/code/info_clusters/predictions/a3e6b9a8146c4f5f94a8f9181cda724f.preds,0.07875756881219938,0.10727661322478155,0.7612725834205053,0.3157689218191621,0,0,102,0,0,198,0,0,1369
0,256,3,300,10,2,False,0.1,0.2,-1,,True,relu,0.8202516476932294,0.8202516476932294,0.8202516476932294,0.27341721589774315,0.3333333333333333,0.3004169409699363,0,0,0,0,0,0,0.8202516476932294,1.0,0.901250822909809,/home/lwp876/ira/code/info_clusters/predictions/79b96f4236a844259662ee7febbf408a.preds,0.11652550802185666,0.2934095789956855,0.8759125178143394,0.4286158682772938,0,0,102,0,0,198,0,0,1369
0,256,500,300,100,4,True,0.01,0.2,-1,samo,True,relu,0.8508088675853804,0.8508088675853804,0.8508088675853804,0.6517975923750084,0.6758217243113904,0.6585211642896794,0.4827586206896552,0.4117647058823529,0.4444444444444445,0.5340909090909091,0.7121212121212122,0.6103896103896105,0.9385432473444613,0.9035792549306063,0.9207294380349833,/home/lwp876/ira/code/info_clusters/predictions/6c51f1bf12df4a049633ceee7b3732ec.preds,0.42050103151746515,0.5449248400724117,0.920376155843305,0.6286006758110606,42,25,35,11,141,46,34,98,1237
0,256,500,300,100,4,True,0.01,0.2,-1,,True,relu,0.8442180946674656,0.8442180946674656,0.8442180946674654,0.6328937871162682,0.6691122398594577,0.6476935596375387,0.43564356435643564,0.43137254901960786,0.43349753694581283,0.5254901960784314,0.6767676767676768,0.5916114790286976,0.9375476009139375,0.8991964937910883,0.9179716629381058,/home/lwp876/ira/code/info_clusters/predictions/6c5430e55d984bb09c75a711701b73ac.preds,0.4330145760692633,0.5387167369339587,0.9171390609023935,0.6296234579685386,44,25,33,15,134,49,42,96,1231
