seed,bs,epochs,emb_dim,num_feature_maps,ks,upsample,lr,dropout,max_vocab,additional_data,embs,activation,strip,micro_p,micro_r,micro_f,macro_p,macro_r,macro_f,1_p,1_r,1_f,2_p,2_r,2_f,3_p,3_r,3_f,pred_file,1_auc,2_auc,3_auc,macro_auc,cm_11,cm_12,cm_13,cm_21,cm_22,cm_23,cm_31,cm_32,cm_33
0,256,3,300,10,2,False,0.1,0.2,-1,,True,relu,,0.8202516477,0.8202516477,0.8202516477,0.2734172159,0.3333333333,0.300416941,0,0,0,0,0,0,0.8202516477,1,0.9012508229,/home/lwp876/ira/code/info_clusters/predictions/a3e6b9a8146c4f5f94a8f9181cda724f.preds,0.0787575688,0.1072766132,0.7612725834,0.3157689218,0,0,102,0,0,198,0,0,1369
0,256,3,300,10,2,False,0.1,0.2,-1,,True,relu,,0.8202516477,0.8202516477,0.8202516477,0.2734172159,0.3333333333,0.300416941,0,0,0,0,0,0,0.8202516477,1,0.9012508229,/home/lwp876/ira/code/info_clusters/predictions/79b96f4236a844259662ee7febbf408a.preds,0.116525508,0.293409579,0.8759125178,0.4286158683,0,0,102,0,0,198,0,0,1369
0,256,500,300,100,4,True,0.01,0.2,-1,samo,True,relu,,0.8508088676,0.8508088676,0.8508088676,0.6517975924,0.6758217243,0.6585211643,0.4827586207,0.4117647059,0.4444444444,0.5340909091,0.7121212121,0.6103896104,0.9385432473,0.9035792549,0.920729438,/home/lwp876/ira/code/info_clusters/predictions/6c51f1bf12df4a049633ceee7b3732ec.preds,0.4205010315,0.5449248401,0.9203761558,0.6286006758,42,25,35,11,141,46,34,98,1237
0,256,500,300,100,4,True,0.01,0.2,-1,,True,relu,,0.8442180947,0.8442180947,0.8442180947,0.6328937871,0.6691122399,0.6476935596,0.4356435644,0.431372549,0.4334975369,0.5254901961,0.6767676768,0.591611479,0.9375476009,0.8991964938,0.9179716629,/home/lwp876/ira/code/info_clusters/predictions/6c5430e55d984bb09c75a711701b73ac.preds,0.4330145761,0.5387167369,0.9171390609,0.629623458,44,25,33,15,134,49,42,96,1231
